cell_id,scenario_id,semantic_family,source_kind,frontier_id,precondition,kill_hook_name,expected_restart_disposition,only_legal_continuation,sequence_expectation,callback_delta,provider_delta,schedule_authority_delta,pel_before,pel_after,xack_expectation,duplicate_variant_required,conflict_variant_required,inherited_or_new_test_id
P1D4C-001,S01,initial_limit_working,command_m10,F00,command_pending_before_observation,p1d4-s01-f00,P1SemanticPrepublicationReady,reclaim_same_command_then_exact_observation,none_durable_before_wal,0,+1_first_attempt_only,+1_first_exact_issue,exact_source_pending_1,exact_source_pending_1,forbidden_before_covering_seal,true,true,new:p1d4_s01_f00
P1D4C-002,S01,initial_limit_working,command_m10,F01,exact_source_selected_or_acquired_before_authority_consumption,p1d4-s01-f01,P1SemanticPrepublicationReady,rebind_same_source_then_issue_equivalent_authority,none_durable_before_wal,0,+1_equivalent_attempt_only,+1_equivalent_reissue_only,exact_source_pending_1,exact_source_pending_1,forbidden_before_covering_seal,true,true,new:p1d4_s01_f01
P1D4C-003,S01,initial_limit_working,command_m10,F02,authority_consumed_result_computed_after_dispatch_before_wal,p1d4-s01-f02,P1d3DispatchPending,reissue_equivalent_authority_then_deterministic_reexecution_without_second_dispatch,dispatch_sequence_and_reserved_business_frontier_unchanged,0,+1_equivalent_attempt_only,+1_equivalent_reissue_only,exact_source_pending_1,exact_source_pending_1,forbidden_before_covering_seal,true,true,new:p1d4_s01_f02
P1D4C-004,S01,initial_limit_working,command_m10,F03,stage6_v3_wal_fsynced_before_request_finalized,p1d4-s01-f03,P1d3PreAckPending,finalize_exact_request_from_authenticated_wal,exact_reserved_ack_truth_pair_unchanged,0,0,0_reissue_forbidden,exact_source_pending_1,exact_source_pending_1,forbidden_before_covering_seal,true,true,new:p1d4_s01_f03
P1D4C-005,S01,initial_limit_working,command_m10,F04,request_finalized_before_ack,p1d4-s01-f04,P1d3PreAckPending,replay_exact_ack_from_authenticated_wal,exact_reserved_ack_truth_pair_unchanged,0,0,0_reissue_forbidden,exact_source_pending_1,exact_source_pending_1,forbidden_before_covering_seal,true,true,new:p1d4_s01_f04
P1D4C-006,S01,initial_limit_working,command_m10,F05,ack_in_memory_before_s_ack,p1d4-s01-f05,P1d3PreAckPending,replay_same_ack_then_commit_s_ack,exact_reserved_ack_truth_pair_unchanged,0,0,0_reissue_forbidden,exact_source_pending_1,exact_source_pending_1,forbidden_before_covering_seal,true,true,new:p1d4_s01_f05
P1D4C-007,S01,initial_limit_working,command_m10,F06,s_ack_reread_before_truth,p1d4-s01-f06,P1d3AckCommitted,commit_exact_truth_only,exact_reserved_ack_truth_pair_unchanged,0,0,0_reissue_forbidden,exact_source_pending_1,exact_source_pending_1,forbidden_before_covering_seal,true,true,new:p1d4_s01_f06
P1D4C-008,S01,initial_limit_working,command_m10,F07,truth_in_memory_before_covering_seal,p1d4-s01-f07,P1d3AckCommitted,reconstruct_same_truth_then_commit_covering_seal,exact_reserved_ack_truth_pair_unchanged,0,0,0_reissue_forbidden,exact_source_pending_1,exact_source_pending_1,forbidden_before_covering_seal,true,true,new:p1d4_s01_f07
P1D4C-009,S01,initial_limit_working,command_m10,F08,command_final_seal_reread_before_xack_or_cancel_continuation,p1d4-s01-f08,P1d3TruthCommitted,perform_only_exact_xack_or_bound_cancel_continuation,exact_reserved_ack_truth_pair_unchanged,0,0,0_reissue_forbidden,exact_source_pending_1,exact_source_pending_1,only_legal_after_current_covering_seal,true,true,new:p1d4_s01_f08
P1D4C-010,S01,initial_limit_working,command_m10,F16,redis_xack_reply_1_parsed_before_client_completion,p1d4-s01-f16,P1d3TruthCommitted,prove_pel_absent_and_group_frontier_then_AlreadyAcknowledged,exact_reserved_ack_truth_pair_unchanged,0,0,0_reissue_forbidden,exact_source_absent_after_parsed_xack_1,exact_source_absent,parsed_reply_1_then_AlreadyAcknowledged,true,true,new:p1d4_s01_f16
P1D4C-011,S02,initial_limit_filled,command_m10,F00,command_pending_before_observation,p1d4-s02-f00,P1SemanticPrepublicationReady,reclaim_same_command_then_exact_observation,none_durable_before_wal,0,+1_first_attempt_only,+1_first_exact_issue,exact_source_pending_1,exact_source_pending_1,forbidden_before_covering_seal,true,true,new:p1d4_s02_f00
P1D4C-012,S02,initial_limit_filled,command_m10,F01,exact_source_selected_or_acquired_before_authority_consumption,p1d4-s02-f01,P1SemanticPrepublicationReady,rebind_same_source_then_issue_equivalent_authority,none_durable_before_wal,0,+1_equivalent_attempt_only,+1_equivalent_reissue_only,exact_source_pending_1,exact_source_pending_1,forbidden_before_covering_seal,true,true,new:p1d4_s02_f01
P1D4C-013,S02,initial_limit_filled,command_m10,F02,authority_consumed_result_computed_after_dispatch_before_wal,p1d4-s02-f02,P1d3DispatchPending,reissue_equivalent_authority_then_deterministic_reexecution_without_second_dispatch,dispatch_sequence_and_reserved_business_frontier_unchanged,0,+1_equivalent_attempt_only,+1_equivalent_reissue_only,exact_source_pending_1,exact_source_pending_1,forbidden_before_covering_seal,true,true,new:p1d4_s02_f02
P1D4C-014,S02,initial_limit_filled,command_m10,F03,stage6_v3_wal_fsynced_before_request_finalized,p1d4-s02-f03,P1d3PreAckPending,finalize_exact_request_from_authenticated_wal,exact_reserved_ack_truth_pair_unchanged,0,0,0_reissue_forbidden,exact_source_pending_1,exact_source_pending_1,forbidden_before_covering_seal,true,true,new:p1d4_s02_f03
P1D4C-015,S02,initial_limit_filled,command_m10,F04,request_finalized_before_ack,p1d4-s02-f04,P1d3PreAckPending,replay_exact_ack_from_authenticated_wal,exact_reserved_ack_truth_pair_unchanged,0,0,0_reissue_forbidden,exact_source_pending_1,exact_source_pending_1,forbidden_before_covering_seal,true,true,new:p1d4_s02_f04
P1D4C-016,S02,initial_limit_filled,command_m10,F05,ack_in_memory_before_s_ack,p1d4-s02-f05,P1d3PreAckPending,replay_same_ack_then_commit_s_ack,exact_reserved_ack_truth_pair_unchanged,0,0,0_reissue_forbidden,exact_source_pending_1,exact_source_pending_1,forbidden_before_covering_seal,true,true,new:p1d4_s02_f05
P1D4C-017,S02,initial_limit_filled,command_m10,F06,s_ack_reread_before_truth,p1d4-s02-f06,P1d3AckCommitted,commit_exact_truth_only,exact_reserved_ack_truth_pair_unchanged,0,0,0_reissue_forbidden,exact_source_pending_1,exact_source_pending_1,forbidden_before_covering_seal,true,true,new:p1d4_s02_f06
P1D4C-018,S02,initial_limit_filled,command_m10,F07,truth_in_memory_before_covering_seal,p1d4-s02-f07,P1d3AckCommitted,reconstruct_same_truth_then_commit_covering_seal,exact_reserved_ack_truth_pair_unchanged,0,0,0_reissue_forbidden,exact_source_pending_1,exact_source_pending_1,forbidden_before_covering_seal,true,true,new:p1d4_s02_f07
P1D4C-019,S02,initial_limit_filled,command_m10,F08,command_final_seal_reread_before_xack_or_cancel_continuation,p1d4-s02-f08,P1d3TruthCommitted,perform_only_exact_xack_or_bound_cancel_continuation,exact_reserved_ack_truth_pair_unchanged,0,0,0_reissue_forbidden,exact_source_pending_1,exact_source_pending_1,only_legal_after_current_covering_seal,true,true,new:p1d4_s02_f08
P1D4C-020,S02,initial_limit_filled,command_m10,F16,redis_xack_reply_1_parsed_before_client_completion,p1d4-s02-f16,P1d3TruthCommitted,prove_pel_absent_and_group_frontier_then_AlreadyAcknowledged,exact_reserved_ack_truth_pair_unchanged,0,0,0_reissue_forbidden,exact_source_absent_after_parsed_xack_1,exact_source_absent,parsed_reply_1_then_AlreadyAcknowledged,true,true,new:p1d4_s02_f16
P1D4C-021,S03,initial_limit_expired,command_m10,F00,command_pending_before_observation,p1d4-s03-f00,P1SemanticPrepublicationReady,reclaim_same_command_then_exact_observation,none_durable_before_wal,0,+1_first_attempt_only,+1_first_exact_issue,exact_source_pending_1,exact_source_pending_1,forbidden_before_covering_seal,true,true,new:p1d4_s03_f00
P1D4C-022,S03,initial_limit_expired,command_m10,F01,exact_source_selected_or_acquired_before_authority_consumption,p1d4-s03-f01,P1SemanticPrepublicationReady,rebind_same_source_then_issue_equivalent_authority,none_durable_before_wal,0,+1_equivalent_attempt_only,+1_equivalent_reissue_only,exact_source_pending_1,exact_source_pending_1,forbidden_before_covering_seal,true,true,new:p1d4_s03_f01
P1D4C-023,S03,initial_limit_expired,command_m10,F02,authority_consumed_result_computed_after_dispatch_before_wal,p1d4-s03-f02,P1d3DispatchPending,reissue_equivalent_authority_then_deterministic_reexecution_without_second_dispatch,dispatch_sequence_and_reserved_business_frontier_unchanged,0,+1_equivalent_attempt_only,+1_equivalent_reissue_only,exact_source_pending_1,exact_source_pending_1,forbidden_before_covering_seal,true,true,new:p1d4_s03_f02
P1D4C-024,S03,initial_limit_expired,command_m10,F03,stage6_v3_wal_fsynced_before_request_finalized,p1d4-s03-f03,P1d3PreAckPending,finalize_exact_request_from_authenticated_wal,exact_reserved_ack_truth_pair_unchanged,0,0,0_reissue_forbidden,exact_source_pending_1,exact_source_pending_1,forbidden_before_covering_seal,true,true,new:p1d4_s03_f03
P1D4C-025,S03,initial_limit_expired,command_m10,F04,request_finalized_before_ack,p1d4-s03-f04,P1d3PreAckPending,replay_exact_ack_from_authenticated_wal,exact_reserved_ack_truth_pair_unchanged,0,0,0_reissue_forbidden,exact_source_pending_1,exact_source_pending_1,forbidden_before_covering_seal,true,true,new:p1d4_s03_f04
P1D4C-026,S03,initial_limit_expired,command_m10,F05,ack_in_memory_before_s_ack,p1d4-s03-f05,P1d3PreAckPending,replay_same_ack_then_commit_s_ack,exact_reserved_ack_truth_pair_unchanged,0,0,0_reissue_forbidden,exact_source_pending_1,exact_source_pending_1,forbidden_before_covering_seal,true,true,new:p1d4_s03_f05
P1D4C-027,S03,initial_limit_expired,command_m10,F06,s_ack_reread_before_truth,p1d4-s03-f06,P1d3AckCommitted,commit_exact_truth_only,exact_reserved_ack_truth_pair_unchanged,0,0,0_reissue_forbidden,exact_source_pending_1,exact_source_pending_1,forbidden_before_covering_seal,true,true,new:p1d4_s03_f06
P1D4C-028,S03,initial_limit_expired,command_m10,F07,truth_in_memory_before_covering_seal,p1d4-s03-f07,P1d3AckCommitted,reconstruct_same_truth_then_commit_covering_seal,exact_reserved_ack_truth_pair_unchanged,0,0,0_reissue_forbidden,exact_source_pending_1,exact_source_pending_1,forbidden_before_covering_seal,true,true,new:p1d4_s03_f07
P1D4C-029,S03,initial_limit_expired,command_m10,F08,command_final_seal_reread_before_xack_or_cancel_continuation,p1d4-s03-f08,P1d3TruthCommitted,perform_only_exact_xack_or_bound_cancel_continuation,exact_reserved_ack_truth_pair_unchanged,0,0,0_reissue_forbidden,exact_source_pending_1,exact_source_pending_1,only_legal_after_current_covering_seal,true,true,new:p1d4_s03_f08
P1D4C-030,S03,initial_limit_expired,command_m10,F16,redis_xack_reply_1_parsed_before_client_completion,p1d4-s03-f16,P1d3TruthCommitted,prove_pel_absent_and_group_frontier_then_AlreadyAcknowledged,exact_reserved_ack_truth_pair_unchanged,0,0,0_reissue_forbidden,exact_source_absent_after_parsed_xack_1,exact_source_absent,parsed_reply_1_then_AlreadyAcknowledged,true,true,new:p1d4_s03_f16
P1D4C-031,S04,later_untouched_zero_intent,later_bar_m10,F11,later_m10_in_pel_before_evaluation,p1d4-s04-f11,Ready,xautoclaim_exact_source_then_issue_equivalent_authority,no_order_sequence_for_untouched_evaluation,0_before_covering_seal,0,+1_equivalent_reissue_only,exact_source_pending_1,exact_source_pending_1,forbidden_before_covering_seal,true,true,new:p1d4_s04_f11
P1D4C-032,S04,later_untouched_zero_intent,later_bar_m10,F12,untouched_evaluation_computed_before_s_eval,p1d4-s04-f12,Ready,reissue_equivalent_authority_then_recompute_and_seal_s_eval,no_order_sequence_for_untouched_evaluation,0_before_covering_seal,0,+1_equivalent_reissue_only,exact_source_pending_1,exact_source_pending_1,forbidden_before_covering_seal,true,true,new:p1d4_s04_f12
P1D4C-033,S04,later_untouched_zero_intent,later_bar_m10,F14,later_book_seal_reread_before_same_bar_callback,p1d4-s04-f14,P1d3SemanticPending,invoke_exact_same_bar_callback_once,no_order_sequence_for_untouched_evaluation,+1_on_only_legal_continuation,0,0_reissue_forbidden,exact_source_pending_1,exact_source_pending_1,forbidden_before_covering_seal,true,true,new:p1d4_s04_f14
P1D4C-034,S04,later_untouched_zero_intent,later_bar_m10,F15,callback_and_publication_durable_before_bar_xack,p1d4-s04-f15,P1SemanticZeroIntentAckPending,resume_without_callback_or_publication_replay_then_exact_bar_xack,no_order_sequence_for_untouched_evaluation,0_replay_total_exactly_1,0,0_reissue_forbidden,exact_source_pending_1,exact_source_pending_1,only_legal_after_current_covering_seal,true,true,new:p1d4_s04_f15
P1D4C-035,S04,later_untouched_zero_intent,later_bar_m10,F16,redis_xack_reply_1_parsed_before_client_completion,p1d4-s04-f16,P1SemanticZeroIntentAckPending,prove_pel_absent_and_group_frontier_then_AlreadyAcknowledged,no_order_sequence_for_untouched_evaluation,0_replay_total_exactly_1,0,0_reissue_forbidden,exact_source_absent_after_parsed_xack_1,exact_source_absent,parsed_reply_1_then_AlreadyAcknowledged,true,true,new:p1d4_s04_f16
P1D4C-036,S05,later_untouched_one_intent,later_bar_m10,F11,later_m10_in_pel_before_evaluation,p1d4-s05-f11,Ready,xautoclaim_exact_source_then_issue_equivalent_authority,no_order_sequence_for_untouched_evaluation,0_before_covering_seal,0,+1_equivalent_reissue_only,exact_source_pending_1,exact_source_pending_1,forbidden_before_covering_seal,true,true,new:p1d4_s05_f11
P1D4C-037,S05,later_untouched_one_intent,later_bar_m10,F12,untouched_evaluation_computed_before_s_eval,p1d4-s05-f12,Ready,reissue_equivalent_authority_then_recompute_and_seal_s_eval,no_order_sequence_for_untouched_evaluation,0_before_covering_seal,0,+1_equivalent_reissue_only,exact_source_pending_1,exact_source_pending_1,forbidden_before_covering_seal,true,true,new:p1d4_s05_f12
P1D4C-038,S05,later_untouched_one_intent,later_bar_m10,F14,later_book_seal_reread_before_same_bar_callback,p1d4-s05-f14,P1d3SemanticPending,invoke_exact_same_bar_callback_once,no_order_sequence_for_untouched_evaluation,+1_on_only_legal_continuation,0,0_reissue_forbidden,exact_source_pending_1,exact_source_pending_1,forbidden_before_covering_seal,true,true,new:p1d4_s05_f14
P1D4C-039,S05,later_untouched_one_intent,later_bar_m10,F15,callback_and_publication_durable_before_bar_xack,p1d4-s05-f15,P1SemanticPrepublicationReady,confirm_exact_existing_publication_then_exact_bar_xack_generated_command_lifecycle_independent,no_order_sequence_for_untouched_evaluation,0_replay_total_exactly_1,0,0_reissue_forbidden,exact_source_pending_1,exact_source_pending_1,only_legal_after_current_covering_seal,true,true,new:p1d4_s05_f15
P1D4C-040,S05,later_untouched_one_intent,later_bar_m10,F16,redis_xack_reply_1_parsed_before_client_completion,p1d4-s05-f16,P1SemanticPrepublicationReady,prove_bar_pel_absent_and_group_frontier_then_continue_exact_existing_command_without_callback_replay,no_order_sequence_for_untouched_evaluation,0_replay_total_exactly_1,0,0_reissue_forbidden,exact_source_absent_after_parsed_xack_1,exact_source_absent,parsed_reply_1_then_AlreadyAcknowledged,true,true,new:p1d4_s05_f16
P1D4C-041,S06,later_filled_zero_intent,later_bar_m10,F11,later_m10_in_pel_before_evaluation,p1d4-s06-f11,Ready,xautoclaim_exact_source_then_issue_equivalent_authority,later_truth_sequence_not_yet_durable,0_before_covering_seal,0,+1_equivalent_reissue_only,exact_source_pending_1,exact_source_pending_1,forbidden_before_covering_seal,true,true,new:p1d4_s06_f11
P1D4C-042,S06,later_filled_zero_intent,later_bar_m10,F02,authority_consumed_result_computed_before_wal,p1d4-s06-f02,Ready,reissue_equivalent_authority_then_deterministic_reexecution,later_truth_sequence_not_yet_durable,0_before_covering_seal,0,+1_equivalent_reissue_only,exact_source_pending_1,exact_source_pending_1,forbidden_before_covering_seal,true,true,new:p1d4_s06_f02
P1D4C-043,S06,later_filled_zero_intent,later_bar_m10,F13,autonomous_later_truth_wal_fsynced_before_s_terminal,p1d4-s06-f13,P1d3PreAckPending,reconstruct_truth_from_wal_then_seal_s_terminal,exact_single_later_truth_sequence_unchanged,0_before_covering_seal,0,0_reissue_forbidden,exact_source_pending_1,exact_source_pending_1,forbidden_before_covering_seal,true,true,new:p1d4_s06_f13
P1D4C-044,S06,later_filled_zero_intent,later_bar_m10,F14,later_book_seal_reread_before_same_bar_callback,p1d4-s06-f14,P1d3SemanticPending,invoke_exact_same_bar_callback_once,exact_single_later_truth_sequence_unchanged,+1_on_only_legal_continuation,0,0_reissue_forbidden,exact_source_pending_1,exact_source_pending_1,forbidden_before_covering_seal,true,true,new:p1d4_s06_f14
P1D4C-045,S06,later_filled_zero_intent,later_bar_m10,F15,callback_and_publication_durable_before_bar_xack,p1d4-s06-f15,P1SemanticZeroIntentAckPending,resume_without_callback_or_publication_replay_then_exact_bar_xack,exact_single_later_truth_sequence_unchanged,0_replay_total_exactly_1,0,0_reissue_forbidden,exact_source_pending_1,exact_source_pending_1,only_legal_after_current_covering_seal,true,true,new:p1d4_s06_f15
P1D4C-046,S06,later_filled_zero_intent,later_bar_m10,F16,redis_xack_reply_1_parsed_before_client_completion,p1d4-s06-f16,P1SemanticZeroIntentAckPending,prove_pel_absent_and_group_frontier_then_AlreadyAcknowledged,exact_single_later_truth_sequence_unchanged,0_replay_total_exactly_1,0,0_reissue_forbidden,exact_source_absent_after_parsed_xack_1,exact_source_absent,parsed_reply_1_then_AlreadyAcknowledged,true,true,new:p1d4_s06_f16
P1D4C-047,S07,later_day_expired,day_expiry_boundary,F17,day_expiry_result_computed_before_wal,p1d4-s07-f17,Ready,reissue_equivalent_day_boundary_authority_then_reexecute,expiry_truth_sequence_not_yet_durable,0,0,+1_equivalent_reissue_only,no_new_source,unchanged_no_new_source,forbidden_no_source,true,true,new:p1d4_s07_f17
P1D4C-048,S07,later_day_expired,day_expiry_boundary,F18,day_expiry_wal_fsynced_before_s_terminal,p1d4-s07-f18,P1d3PreAckPending,reconstruct_expiry_from_wal_then_seal_s_terminal,exact_single_expiry_truth_sequence_unchanged,0,0,0_reissue_forbidden,no_new_source,unchanged_no_new_source,forbidden_no_source,true,true,new:p1d4_s07_f18
P1D4C-049,S07,later_day_expired,day_expiry_boundary,F19,day_expiry_s_terminal_reread_before_ready,p1d4-s07-f19,Ready,restart_directly_ready_without_callback_or_xack,exact_single_expiry_truth_sequence_unchanged,0,0,0_reissue_forbidden,no_new_source,unchanged_no_new_source,forbidden_no_source,true,true,new:p1d4_s07_f19
P1D4C-050,S08,cancel_canceled,command_m10,F00,command_pending_before_observation,p1d4-s08-f00,P1SemanticPrepublicationReady,reclaim_same_command_then_exact_observation,none_durable_before_wal,0,+1_first_attempt_only,+1_first_exact_issue,exact_source_pending_1,exact_source_pending_1,forbidden_before_covering_seal,true,true,new:p1d4_s08_f00
P1D4C-051,S08,cancel_canceled,command_m10,F01,exact_source_selected_or_acquired_before_authority_consumption,p1d4-s08-f01,P1SemanticPrepublicationReady,rebind_same_source_then_issue_equivalent_authority,none_durable_before_wal,0,+1_equivalent_attempt_only,+1_equivalent_reissue_only,exact_source_pending_1,exact_source_pending_1,forbidden_before_covering_seal,true,true,new:p1d4_s08_f01
P1D4C-052,S08,cancel_canceled,command_m10,F02,authority_consumed_result_computed_after_dispatch_before_wal,p1d4-s08-f02,P1d3DispatchPending,reissue_equivalent_authority_then_deterministic_reexecution_without_second_dispatch,dispatch_sequence_and_reserved_business_frontier_unchanged,0,+1_equivalent_attempt_only,+1_equivalent_reissue_only,exact_source_pending_1,exact_source_pending_1,forbidden_before_covering_seal,true,true,new:p1d4_s08_f02
P1D4C-053,S08,cancel_canceled,command_m10,F03,stage6_v3_wal_fsynced_before_request_finalized,p1d4-s08-f03,P1d3PreAckPending,finalize_exact_request_from_authenticated_wal,exact_reserved_ack_truth_pair_unchanged,0,0,0_reissue_forbidden,exact_source_pending_1,exact_source_pending_1,forbidden_before_covering_seal,true,true,new:p1d4_s08_f03
P1D4C-054,S08,cancel_canceled,command_m10,F04,request_finalized_before_ack,p1d4-s08-f04,P1d3PreAckPending,replay_exact_ack_from_authenticated_wal,exact_reserved_ack_truth_pair_unchanged,0,0,0_reissue_forbidden,exact_source_pending_1,exact_source_pending_1,forbidden_before_covering_seal,true,true,new:p1d4_s08_f04
P1D4C-055,S08,cancel_canceled,command_m10,F05,ack_in_memory_before_s_ack,p1d4-s08-f05,P1d3PreAckPending,replay_same_ack_then_commit_s_ack,exact_reserved_ack_truth_pair_unchanged,0,0,0_reissue_forbidden,exact_source_pending_1,exact_source_pending_1,forbidden_before_covering_seal,true,true,new:p1d4_s08_f05
P1D4C-056,S08,cancel_canceled,command_m10,F06,s_ack_reread_before_truth,p1d4-s08-f06,P1d3AckCommitted,commit_exact_truth_only,exact_reserved_ack_truth_pair_unchanged,0,0,0_reissue_forbidden,exact_source_pending_1,exact_source_pending_1,forbidden_before_covering_seal,true,true,new:p1d4_s08_f06
P1D4C-057,S08,cancel_canceled,command_m10,F07,truth_in_memory_before_covering_seal,p1d4-s08-f07,P1d3AckCommitted,reconstruct_same_truth_then_commit_covering_seal,exact_reserved_ack_truth_pair_unchanged,0,0,0_reissue_forbidden,exact_source_pending_1,exact_source_pending_1,forbidden_before_covering_seal,true,true,new:p1d4_s08_f07
P1D4C-058,S08,cancel_canceled,command_m10,F08,command_final_seal_reread_before_xack_or_cancel_continuation,p1d4-s08-f08,P1d3TruthCommitted,perform_only_exact_xack_or_bound_cancel_continuation,exact_reserved_ack_truth_pair_unchanged,0,0,0_reissue_forbidden,exact_source_pending_1,exact_source_pending_1,only_legal_after_current_covering_seal,true,true,new:p1d4_s08_f08
P1D4C-059,S08,cancel_canceled,command_m10,F16,redis_xack_reply_1_parsed_before_client_completion,p1d4-s08-f16,P1d3TruthCommitted,prove_pel_absent_and_group_frontier_then_AlreadyAcknowledged,exact_reserved_ack_truth_pair_unchanged,0,0,0_reissue_forbidden,exact_source_absent_after_parsed_xack_1,exact_source_absent,parsed_reply_1_then_AlreadyAcknowledged,true,true,new:p1d4_s08_f16
P1D4C-060,S09,cancel_execution_observed_target_fill,command_m10,F01,exact_source_selected_or_acquired_before_authority_consumption,p1d4-s09-f01,P1SemanticPrepublicationReady,rebind_same_source_then_issue_equivalent_authority,target_truth_and_recovered_ack_not_yet_durable,0,+1_equivalent_attempt_only,+1_equivalent_reissue_only,exact_source_pending_1,exact_source_pending_1,forbidden_before_covering_seal,true,true,new:p1d4_s09_f01
P1D4C-061,S09,cancel_execution_observed_target_fill,command_m10,F02,authority_consumed_result_computed_after_dispatch_before_wal,p1d4-s09-f02,P1d3DispatchPending,reissue_exact_authority_append_target_laterfilled_v3_seal_target_enter_cancel_continuation_append_recovered_cancel_v3_finalize_ack_seal_and_xack_without_second_dispatch,dispatch_1_to_1_target_v3_delta_1_cancel_v3_delta_1_total_v3_delta_2_request_finalized_delta_1_target_s_terminal_delta_1_s_cancel_recovered_delta_1,0,+1_equivalent_attempt_only,+1_equivalent_reissue_only,exact_source_pending_1,exact_source_pending_1,forbidden_before_covering_seal,true,true,new:p1d4_s09_f02
P1D4C-062,S09,cancel_execution_observed_target_fill,command_m10,F13,autonomous_later_truth_wal_fsynced_before_s_terminal,p1d4-s09-f13,P1d3PreAckPending,reconstruct_truth_from_wal_then_seal_s_terminal,target_truth_precedes_exact_recovered_ack_no_reallocation,0,0,0_reissue_forbidden,exact_source_pending_1,exact_source_pending_1,forbidden_before_covering_seal,true,true,new:p1d4_s09_f13
P1D4C-063,S09,cancel_execution_observed_target_fill,command_m10,F08,command_final_seal_reread_before_xack_or_cancel_continuation,p1d4-s09-f08,P1d3CancelContinuationPending,perform_only_exact_xack_or_bound_cancel_continuation,target_truth_precedes_exact_recovered_ack_no_reallocation,0,0,0_reissue_forbidden,exact_source_pending_1,exact_source_pending_1,only_legal_after_current_covering_seal,true,true,new:p1d4_s09_f08
P1D4C-064,S09,cancel_execution_observed_target_fill,command_m10,F09,recovered_cancel_ack_before_s_cancel_recovered,p1d4-s09-f09,P1d3PreAckPending,replay_exact_recovered_ack_then_commit_s_cancel_recovered,target_truth_precedes_exact_recovered_ack_no_reallocation,0,0,0_reissue_forbidden,exact_source_pending_1,exact_source_pending_1,forbidden_before_covering_seal,true,true,new:p1d4_s09_f09
P1D4C-065,S09,cancel_execution_observed_target_fill,command_m10,F10,s_cancel_recovered_reread_before_command_xack,p1d4-s09-f10,P1d3TruthCommitted,perform_only_exact_command_xack,target_truth_precedes_exact_recovered_ack_no_reallocation,0,0,0_reissue_forbidden,exact_source_pending_1,exact_source_pending_1,only_legal_after_current_covering_seal,true,true,new:p1d4_s09_f10
P1D4C-066,S09,cancel_execution_observed_target_fill,command_m10,F16,redis_xack_reply_1_parsed_before_client_completion,p1d4-s09-f16,P1d3TruthCommitted,prove_pel_absent_and_group_frontier_then_AlreadyAcknowledged,target_truth_precedes_exact_recovered_ack_no_reallocation,0,0,0_reissue_forbidden,exact_source_absent_after_parsed_xack_1,exact_source_absent,parsed_reply_1_then_AlreadyAcknowledged,true,true,new:p1d4_s09_f16
P1D4C-067,S10,cancel_execution_observed_already_filled,command_m10,F01,exact_source_selected_or_acquired_before_authority_consumption,p1d4-s10-f01,P1SemanticPrepublicationReady,rebind_same_source_then_issue_equivalent_authority,recovered_ack_not_yet_durable,0,+1_equivalent_attempt_only,+1_equivalent_reissue_only,exact_source_pending_1,exact_source_pending_1,forbidden_before_covering_seal,true,true,new:p1d4_s10_f01
P1D4C-068,S10,cancel_execution_observed_already_filled,command_m10,F02,authority_consumed_result_computed_after_dispatch_before_wal,p1d4-s10-f02,P1d3DispatchPending,reissue_equivalent_authority_then_deterministic_reexecution_without_second_dispatch,dispatch_sequence_and_recovered_ack_reservation_unchanged,0,+1_equivalent_attempt_only,+1_equivalent_reissue_only,exact_source_pending_1,exact_source_pending_1,forbidden_before_covering_seal,true,true,new:p1d4_s10_f02
P1D4C-069,S10,cancel_execution_observed_already_filled,command_m10,F03,stage6_v3_wal_fsynced_before_request_finalized,p1d4-s10-f03,P1d3PreAckPending,finalize_exact_request_from_authenticated_wal,exact_single_recovered_ack_unchanged,0,0,0_reissue_forbidden,exact_source_pending_1,exact_source_pending_1,forbidden_before_covering_seal,true,true,new:p1d4_s10_f03
P1D4C-070,S10,cancel_execution_observed_already_filled,command_m10,F04,request_finalized_before_ack,p1d4-s10-f04,P1d3PreAckPending,replay_exact_ack_from_authenticated_wal,exact_single_recovered_ack_unchanged,0,0,0_reissue_forbidden,exact_source_pending_1,exact_source_pending_1,forbidden_before_covering_seal,true,true,new:p1d4_s10_f04
P1D4C-071,S10,cancel_execution_observed_already_filled,command_m10,F09,recovered_cancel_ack_before_s_cancel_recovered,p1d4-s10-f09,P1d3PreAckPending,replay_exact_recovered_ack_then_commit_s_cancel_recovered,exact_single_recovered_ack_unchanged,0,0,0_reissue_forbidden,exact_source_pending_1,exact_source_pending_1,forbidden_before_covering_seal,true,true,new:p1d4_s10_f09
P1D4C-072,S10,cancel_execution_observed_already_filled,command_m10,F10,s_cancel_recovered_reread_before_command_xack,p1d4-s10-f10,P1d3TruthCommitted,perform_only_exact_command_xack,exact_single_recovered_ack_unchanged,0,0,0_reissue_forbidden,exact_source_pending_1,exact_source_pending_1,only_legal_after_current_covering_seal,true,true,new:p1d4_s10_f10
P1D4C-073,S10,cancel_execution_observed_already_filled,command_m10,F16,redis_xack_reply_1_parsed_before_client_completion,p1d4-s10-f16,P1d3TruthCommitted,prove_pel_absent_and_group_frontier_then_AlreadyAcknowledged,exact_single_recovered_ack_unchanged,0,0,0_reissue_forbidden,exact_source_absent_after_parsed_xack_1,exact_source_absent,parsed_reply_1_then_AlreadyAcknowledged,true,true,new:p1d4_s10_f16
P1D4C-074,S11,cancel_already_terminal_non_execution,command_m10,F01,exact_source_selected_or_acquired_before_authority_consumption,p1d4-s11-f01,P1SemanticPrepublicationReady,rebind_same_source_then_issue_equivalent_authority,recovered_ack_not_yet_durable,0,+1_equivalent_attempt_only,+1_equivalent_reissue_only,exact_source_pending_1,exact_source_pending_1,forbidden_before_covering_seal,true,true,new:p1d4_s11_f01
P1D4C-075,S11,cancel_already_terminal_non_execution,command_m10,F02,authority_consumed_result_computed_after_dispatch_before_wal,p1d4-s11-f02,P1d3DispatchPending,reissue_equivalent_authority_then_deterministic_reexecution_without_second_dispatch,dispatch_sequence_and_recovered_ack_reservation_unchanged,0,+1_equivalent_attempt_only,+1_equivalent_reissue_only,exact_source_pending_1,exact_source_pending_1,forbidden_before_covering_seal,true,true,new:p1d4_s11_f02
P1D4C-076,S11,cancel_already_terminal_non_execution,command_m10,F03,stage6_v3_wal_fsynced_before_request_finalized,p1d4-s11-f03,P1d3PreAckPending,finalize_exact_request_from_authenticated_wal,exact_single_recovered_ack_unchanged,0,0,0_reissue_forbidden,exact_source_pending_1,exact_source_pending_1,forbidden_before_covering_seal,true,true,new:p1d4_s11_f03
P1D4C-077,S11,cancel_already_terminal_non_execution,command_m10,F04,request_finalized_before_ack,p1d4-s11-f04,P1d3PreAckPending,replay_exact_ack_from_authenticated_wal,exact_single_recovered_ack_unchanged,0,0,0_reissue_forbidden,exact_source_pending_1,exact_source_pending_1,forbidden_before_covering_seal,true,true,new:p1d4_s11_f04
P1D4C-078,S11,cancel_already_terminal_non_execution,command_m10,F09,recovered_cancel_ack_before_s_cancel_recovered,p1d4-s11-f09,P1d3PreAckPending,replay_exact_recovered_ack_then_commit_s_cancel_recovered,exact_single_recovered_ack_unchanged,0,0,0_reissue_forbidden,exact_source_pending_1,exact_source_pending_1,forbidden_before_covering_seal,true,true,new:p1d4_s11_f09_exact_sigkill
P1D4C-079,S11,cancel_already_terminal_non_execution,command_m10,F10,s_cancel_recovered_reread_before_command_xack,p1d4-s11-f10,P1d3TruthCommitted,perform_only_exact_command_xack,exact_single_recovered_ack_unchanged,0,0,0_reissue_forbidden,exact_source_pending_1,exact_source_pending_1,only_legal_after_current_covering_seal,true,true,new:p1d4_s11_f10_exact_sigkill
P1D4C-080,S11,cancel_already_terminal_non_execution,command_m10,F16,redis_xack_reply_1_parsed_before_client_completion,p1d4-s11-f16,P1d3TruthCommitted,prove_pel_absent_and_group_frontier_then_AlreadyAcknowledged,exact_single_recovered_ack_unchanged,0,0,0_reissue_forbidden,exact_source_absent_after_parsed_xack_1,exact_source_absent,parsed_reply_1_then_AlreadyAcknowledged,true,true,new:p1d4_s11_f16
P1D4C-081,S01,initial_limit_working,command_m10,F20,dispatch_attempt_recorded_fsynced_reread_before_authority_consumption,p1d4-s01-f20,P1d3DispatchPending,bind_exact_dispatch_and_source_then_issue_equivalent_authority_without_second_dispatch,dispatch_sequence_durable_business_pair_not_yet_allocated,0,0_before_reissue,+1_equivalent_reissue_only,exact_source_pending_1,exact_source_pending_1,forbidden_before_covering_seal,true,true,new:p1d4_s01_f20
P1D4C-082,S02,initial_limit_filled,command_m10,F20,dispatch_attempt_recorded_fsynced_reread_before_authority_consumption,p1d4-s02-f20,P1d3DispatchPending,bind_exact_dispatch_and_source_then_issue_equivalent_authority_without_second_dispatch,dispatch_sequence_durable_business_pair_not_yet_allocated,0,0_before_reissue,+1_equivalent_reissue_only,exact_source_pending_1,exact_source_pending_1,forbidden_before_covering_seal,true,true,new:p1d4_s02_f20
P1D4C-083,S03,initial_limit_expired,command_m10,F20,dispatch_attempt_recorded_fsynced_reread_before_authority_consumption,p1d4-s03-f20,P1d3DispatchPending,bind_exact_dispatch_and_source_then_issue_equivalent_authority_without_second_dispatch,dispatch_sequence_durable_business_pair_not_yet_allocated,0,0_before_reissue,+1_equivalent_reissue_only,exact_source_pending_1,exact_source_pending_1,forbidden_before_covering_seal,true,true,new:p1d4_s03_f20
P1D4C-084,S08,cancel_canceled,command_m10,F20,dispatch_attempt_recorded_fsynced_reread_before_authority_consumption,p1d4-s08-f20,P1d3DispatchPending,bind_exact_dispatch_and_source_then_issue_equivalent_authority_without_second_dispatch,dispatch_sequence_durable_business_pair_not_yet_allocated,0,0_before_reissue,+1_equivalent_reissue_only,exact_source_pending_1,exact_source_pending_1,forbidden_before_covering_seal,true,true,new:p1d4_s08_f20
P1D4C-085,S09,cancel_execution_observed_target_fill,command_m10,F20,dispatch_attempt_recorded_fsynced_reread_before_authority_consumption,p1d4-s09-f20,P1d3DispatchPending,bind_exact_dispatch_and_source_issue_exact_authority_append_target_laterfilled_v3_seal_target_enter_cancel_continuation_append_recovered_cancel_v3_finalize_ack_seal_and_xack_without_second_dispatch,dispatch_1_to_1_target_v3_delta_1_cancel_v3_delta_1_total_v3_delta_2_request_finalized_delta_1_target_s_terminal_delta_1_s_cancel_recovered_delta_1,0,0_before_reissue,+1_equivalent_reissue_only,exact_source_pending_1,exact_source_pending_1,forbidden_before_covering_seal,true,true,new:p1d4_s09_f20
P1D4C-086,S10,cancel_execution_observed_already_filled,command_m10,F20,dispatch_attempt_recorded_fsynced_reread_before_authority_consumption,p1d4-s10-f20,P1d3DispatchPending,bind_exact_dispatch_and_source_then_issue_equivalent_authority_without_second_dispatch,dispatch_sequence_durable_recovered_ack_reservation_not_yet_allocated,0,0_before_reissue,+1_equivalent_reissue_only,exact_source_pending_1,exact_source_pending_1,forbidden_before_covering_seal,true,true,new:p1d4_s10_f20
P1D4C-087,S11,cancel_already_terminal_non_execution,command_m10,F20,dispatch_attempt_recorded_fsynced_reread_before_authority_consumption,p1d4-s11-f20,P1d3DispatchPending,bind_exact_dispatch_and_source_then_issue_equivalent_authority_without_second_dispatch,dispatch_sequence_durable_recovered_ack_reservation_not_yet_allocated,0,0_before_reissue,+1_equivalent_reissue_only,exact_source_pending_1,exact_source_pending_1,forbidden_before_covering_seal,true,true,new:p1d4_s11_f20
P1D4C-088,S06,later_filled_zero_intent,later_bar_m10,F07,later_fill_truth_book_mutation_in_memory_before_s_terminal,p1d4-s06-f07,P1d3PreAckPending,reconstruct_exact_later_fill_truth_from_wal_then_commit_s_terminal,exact_single_later_truth_sequence_unchanged,0,0,0_reissue_forbidden,exact_source_pending_1,exact_source_pending_1,forbidden_before_covering_seal,true,true,new:p1d4_s06_f07
P1D4C-089,S07,later_day_expired,day_expiry_boundary,F07,day_expiry_truth_book_mutation_in_memory_before_s_terminal,p1d4-s07-f07,P1d3PreAckPending,reconstruct_exact_day_expiry_truth_from_wal_then_commit_s_terminal,exact_single_expiry_truth_sequence_unchanged,0,0,0_reissue_forbidden,no_new_source,unchanged_no_new_source,forbidden_no_source,true,true,new:p1d4_s07_f07
P1D4C-090,S09,cancel_execution_observed_target_fill,command_m10,F07,target_fill_truth_book_mutation_in_memory_before_target_s_terminal,p1d4-s09-target-f07,P1d3PreAckPending,reconstruct_exact_target_fill_truth_from_wal_then_commit_target_s_terminal,target_truth_precedes_exact_recovered_ack_no_reallocation,0,0,0_reissue_forbidden,exact_source_pending_1,exact_source_pending_1,forbidden_before_covering_seal,true,true,new:p1d4_s09_target_f07
P1D4C-091,S09,cancel_execution_observed_target_fill,command_m10,F03,recovered_cancel_stage6_v3_wal_fsynced_before_request_finalized,p1d4-s09-cancel-f03,P1d3PreAckPending,finalize_exact_recovered_cancel_request_from_authenticated_wal,target_truth_precedes_exact_recovered_ack_no_reallocation,0,0,0_reissue_forbidden,exact_source_pending_1,exact_source_pending_1,forbidden_before_covering_seal,true,true,new:p1d4_s09_cancel_f03
P1D4C-092,S09,cancel_execution_observed_target_fill,command_m10,F04,recovered_cancel_request_finalized_before_ack,p1d4-s09-cancel-f04,P1d3PreAckPending,replay_exact_recovered_cancel_ack_then_commit_s_cancel_recovered,target_truth_precedes_exact_recovered_ack_no_reallocation,0,0,0_reissue_forbidden,exact_source_pending_1,exact_source_pending_1,forbidden_before_covering_seal,true,true,new:p1d4_s09_cancel_f04
