id,event,owner_availability,owner_phase,allowed_next_effect,exit_code,readiness_phase,source_pel_disposition,restart_authority
E01,SIGTERM_or_SIGINT,available,quiescent,latch_and_stop_without_new_read,0,stopped,no_acquired_source,systemd_only_after_future_failure
E02,SIGTERM_or_SIGINT,available,redis_read_not_sent,latch_and_cancel_poll_before_send,0,stopped,no_new_pel_entry,systemd_only_after_future_failure
E03,SIGTERM_or_SIGINT,available,redis_acquisition_in_flight,set_monotonic_latch_and_await_non_cancellable_acquisition_then_E18_decision,0,draining,returned_linear_owner_not_semantically_processed,p1d4_restart_reclaims
E04,SIGTERM_or_SIGINT,available,uncovered_transition,advance_only_to_next_authenticated_covering_seal,0_if_completed_before_grace_else_72,draining,retain_until_xack_preconditions_or_xack_last,p1d4_restart_if_nonzero
E05,SIGTERM_or_SIGINT,available,s_ack_committed,persist_reread_cross_validate_s_truth_only,0_if_completed_before_grace_else_72,draining,retain_until_s_truth_then_xack_last,p1d4_restart_if_nonzero
E06,SIGTERM_or_SIGINT,available,s_truth_committed,exact_xack_last_or_already_acknowledged_only,0_if_resolved_before_grace_else_72,draining,terminal_xack_or_retained_for_restart,p1d4_restart_if_nonzero
E07,second_signal,available,any,record_diagnostic_and_preserve_first_signal_plan,unchanged_from_first_signal,draining,no_durability_bypass,systemd_timeout_final_sigkill
E08,owner_panic,lost,any,no_drain_no_telemetry_claimed_from_owner,70,degraded,leave_current_source_and_pel_untouched,p1d4_restart_only
E09,typed_owner_return,available,quiescent,emit_stopped_and_exit_failure_because_return_unexpected,70,stopped,no_uncovered_source,p1d4_restart_only
E10,typed_owner_return,available,covered_incomplete,phase_authorized_bounded_drain_only,70,degraded,retain_or_xack_only_per_phase,p1d4_restart_only
E11,typed_owner_return_without_owner,lost,any,no_drain,70,degraded,leave_current_source_and_pel_untouched,p1d4_restart_only
E12,telemetry_task_failure,available,quiescent,stop_owner_without_new_read,71,degraded,no_new_source,p1d4_restart_only
E13,telemetry_task_failure,available,incomplete,phase_authorized_bounded_drain_without_more_telemetry,71,degraded,retain_or_xack_only_per_phase,p1d4_restart_only
E14,signal_task_failure,available,quiescent,latch_internal_shutdown_and_stop,73,degraded,no_new_source,p1d4_restart_only
E15,signal_task_failure,available,incomplete,latch_internal_shutdown_and_phase_authorized_bounded_drain,73,degraded,retain_or_xack_only_per_phase,p1d4_restart_only
E16,redis_claim_error,available,startup_s06,no_fresh_read_and_bounded_retry,67,degraded,pending_entries_remain_in_pel,p1d4_restart_only
E17,redis_read_error,available,owner_loop,no_semantic_processing_and_bounded_retry,67,degraded,no_new_confirmed_delivery_or_returned_delivery_retained,p1d4_restart_only
E18,shutdown_latch_set_at_post_acquisition_decision,linear_owner,post_acquisition_pre_continuation,consume_owner_to_RetainForRestart_with_zero_parse_callback_provider_schedule_revalidation_or_xack,0,draining,reclaimed_stays_pending_terminal_lookup_state_unresolved,p1d4_restart_reclassifies
E19,redis_telemetry_error,available,quiescent,stop_owner_without_new_read,71,degraded,no_new_source,p1d4_restart_only
E20,redis_telemetry_error,available,incomplete,phase_authorized_bounded_drain_without_telemetry,71,degraded,retain_or_xack_only_per_phase,p1d4_restart_only
E21,grace_deadline,available,incomplete,no_new_effect_and_return_to_systemd_final_kill,72,degraded,retain_source_and_pel,p1d4_restart_only
E22,grace_deadline,lost,any,no_effect,72,degraded,leave_source_and_pel_untouched,p1d4_restart_only
E23,redis_manifest_or_type_error,available,startup_s05,no_claim_read_or_telemetry_write,66,degraded,namespace_untouched,p1d4_restart_only
E24,config_or_credential_error,none,startup_s00_s02,no_filesystem_or_redis_effect,64,degraded,no_source_contact,operator_correction_then_systemd
E25,shutdown_latch_set_after_continue_linearization,continuation_permit,post_decision_bounded_continuation,do_not_cancel_permit_complete_exact_next_authenticated_covering_boundary_then_recheck_latch,0_if_completed_before_grace_else_72,draining,retain_or_xack_only_as_authorized_by_reached_boundary,p1d4_restart_if_nonzero
