cell_id,parent_scenario_id,frontier_id,precondition,expected_restart_disposition,only_legal_continuation,source_pel_before,source_pel_after,bar_callback_delta,command_publication_delta,provider_delta,schedule_authority_delta,sequence_expectation,s_ack_delta,s_truth_delta,xack_delta,final_source_disposition,duplicate_variant_required,conflict_variant_required,test_id
P1D4GM-001,S05,GM00,combined_prepublication_seal_persisted_reread_before_command_xadd,P1d4GeneratedMarketPrepublicationPending,publish_exact_command_once_from_authenticated_composition,exact_source_pending_1,exact_source_pending_1,0_replay_total_exactly_1,+1_exact_first_publication,0,0,none_durable_before_provider_wal,0,0,0,Pending,true,true,new:p1d4_s05_gm00
P1D4GM-002,S05,GM01,exact_command_and_publication_marker_durable_before_schedule_selection,P1d4GeneratedMarketPrepublicationPending,validate_existing_publication_then_issue_exact_schedule_authority,exact_source_pending_1,exact_source_pending_1,0_replay_total_exactly_1,0_replay_total_exactly_1,0,+1_first_exact_issue,none_durable_before_provider_wal,0,0,0,Pending,true,true,new:p1d4_s05_gm01
P1D4GM-003,S05,GM02,exact_schedule_authority_selected_before_provider_execution,P1d4GeneratedMarketPrepublicationPending,reissue_equivalent_authority_for_same_source_then_execute_provider_once,exact_source_pending_1,exact_source_pending_1,0_replay_total_exactly_1,0_replay_total_exactly_1,+1_first_provider_execution,+1_equivalent_reissue_only,none_durable_before_provider_wal,0,0,0,Pending,true,true,new:p1d4_s05_gm02
P1D4GM-004,S05,GM03,provider_result_computed_in_memory_before_stage6_v3_wal,P1d4GeneratedMarketPrepublicationPending,reissue_equivalent_authority_and_recompute_identical_outcome_then_append_wal,exact_source_pending_1,exact_source_pending_1,0_replay_total_exactly_1,0_replay_total_exactly_1,+1_equivalent_attempt_only,+1_equivalent_reissue_only,none_durable_before_provider_wal,0,0,0,Pending,true,true,new:p1d4_s05_gm03
P1D4GM-005,S05,GM04,stage6_v3_wal_fsynced_before_request_finalized,P1d4GeneratedMarketPreAckPending,finalize_exact_request_from_authenticated_wal,exact_source_pending_1,exact_source_pending_1,0_replay_total_exactly_1,0_replay_total_exactly_1,0_replay_total_exactly_1,0_reissue_total_exactly_1,exact_reserved_ack_truth_pair_unchanged,0,0,0,Pending,true,true,new:p1d4_s05_gm04
P1D4GM-006,S05,GM05,request_finalized_durable_before_ack_application,P1d4GeneratedMarketPreAckPending,replay_exact_ack_only_then_commit_combined_s_ack,exact_source_pending_1,exact_source_pending_1,0_replay_total_exactly_1,0_replay_total_exactly_1,0_replay_total_exactly_1,0_reissue_total_exactly_1,exact_reserved_ack_truth_pair_unchanged,+1_exact,0,0,Pending,true,true,new:p1d4_s05_gm05
P1D4GM-007,S05,GM06,ack_applied_in_memory_before_combined_s_ack,P1d4GeneratedMarketPreAckPending,replay_same_ack_identity_bytes_and_sequence_then_commit_combined_s_ack,exact_source_pending_1,exact_source_pending_1,0_replay_total_exactly_1,0_replay_total_exactly_1,0_replay_total_exactly_1,0_reissue_total_exactly_1,exact_reserved_ack_truth_pair_unchanged,+1_exact,0,0,Pending,true,true,new:p1d4_s05_gm06
P1D4GM-008,S05,GM07,combined_s_ack_persisted_reread_before_truth_application,P1d4GeneratedMarketAckCommitted,apply_exact_truth_only_then_commit_combined_s_truth,exact_source_pending_1,exact_source_pending_1,0_replay_total_exactly_1,0_replay_total_exactly_1,0_replay_total_exactly_1,0_reissue_total_exactly_1,exact_reserved_ack_truth_pair_unchanged,0_replay_total_exactly_1,+1_exact,0,Pending,true,true,new:p1d4_s05_gm07
P1D4GM-009,S05,GM08,truth_applied_in_memory_before_combined_s_truth,P1d4GeneratedMarketAckCommitted,reapply_identical_truth_from_s_ack_then_commit_combined_s_truth,exact_source_pending_1,exact_source_pending_1,0_replay_total_exactly_1,0_replay_total_exactly_1,0_replay_total_exactly_1,0_reissue_total_exactly_1,exact_reserved_ack_truth_pair_unchanged,0_replay_total_exactly_1,+1_exact,0,Pending,true,true,new:p1d4_s05_gm08
P1D4GM-010,S05,GM09,combined_s_truth_persisted_reread_before_source_xack,P1d4GeneratedMarketTruthCommitted,perform_exact_retained_source_xack_last,exact_source_pending_1,exact_source_pending_1,0_replay_total_exactly_1,0_replay_total_exactly_1,0_replay_total_exactly_1,0_reissue_total_exactly_1,exact_reserved_ack_truth_pair_unchanged,0_replay_total_exactly_1,0_replay_total_exactly_1,+1_exact,Pending_until_xack,true,true,new:p1d4_s05_gm09
