profile,slippage_per_market_side,component,side,entry_bar,exit_bar,entry_event,exit_event,entry_price,exit_price,take,stop,exit_reason,ambiguous_touch,gross_points,cost_points,net_points
bo_only_weekday07_control,0.0,BO,short,2026-07-15 10:10:00,2026-07-15 23:30:00,2026-07-15 10:20:00,2026-07-15 23:40:00,2133.0,2106.5,,,eod_2330,False,26.5,0.379807,26.120193
bo_only_weekday07_control,0.0,BO,short,2026-07-16 10:00:00,2026-07-16 23:30:00,2026-07-16 10:10:00,2026-07-16 23:40:00,2070.5,2006.5,,,eod_2330,False,64.0,0.369082,63.630918
bo_only_weekday07_control,0.0,BO,short,2026-07-17 19:40:00,2026-07-17 20:50:00,2026-07-17 19:50:00,2026-07-17 21:00:00,1948.0,1956.5,,,bo_stop1,False,-8.5,0.357697,-8.857697
bo_only_weekday07_control,0.0,BO,long,2026-07-20 19:00:00,2026-07-20 23:30:00,2026-07-20 19:10:00,2026-07-20 23:40:00,2030.0,2043.0,,,eod_2330,False,13.0,0.368818,12.631182
bo_only_weekday07_control,0.0,BO,long,2026-07-22 12:50:00,2026-07-22 14:50:00,2026-07-22 13:00:00,2026-07-22 15:00:00,2132.0,2117.5,,,bo_stop1,False,-14.5,0.380467,-14.880467
bo_only_weekday07_control,0.0,BO,short,2026-07-24 10:00:00,2026-07-24 12:50:00,2026-07-24 10:10:00,2026-07-24 13:00:00,2093.5,2104.5,,,bo_stop1,False,-11.0,0.377068,-11.377068
bo_only_weekday07_control,0.0,BO,long,2026-07-24 16:40:00,2026-07-24 23:30:00,2026-07-24 16:50:00,2026-07-24 23:40:00,2175.5,2189.0,,,eod_2330,False,13.5,0.388057,13.111943
bo_only_weekday07_control,0.0,BO,long,2026-07-29 11:00:00,2026-07-29 11:50:00,2026-07-29 11:10:00,2026-07-29 12:00:00,2229.0,2223.0,,,bo_stop1,False,-6.0,0.393832,-6.393832
bo_only_weekday07_control,0.0,BO,long,2026-07-30 10:30:00,2026-07-30 11:50:00,2026-07-30 10:40:00,2026-07-30 12:00:00,2277.5,2265.0,,,bo_stop1,False,-12.5,0.3998050000000001,-12.899805
bo_only_weekday07_control,0.0,BO,short,2026-07-30 18:20:00,2026-07-30 23:30:00,2026-07-30 18:30:00,2026-07-30 23:40:00,2218.5,2215.0,,,eod_2330,False,3.5,0.392611,3.107389
bo_only_weekday07_control,0.0,BO,long,2026-08-03 11:40:00,2026-08-03 11:50:00,2026-08-03 11:50:00,2026-08-03 12:00:00,2260.0,2257.0,,,bo_stop1,False,-3.0,0.398122,-3.398122
bo_only_weekday07_control,0.0,BO,short,2026-08-04 14:50:00,2026-08-04 16:50:00,2026-08-04 15:00:00,2026-08-04 17:00:00,2240.5,2253.0,,,bo_stop1,False,-12.5,0.396571,-12.896571
bo_only_weekday07_control,0.0,BO,long,2026-08-05 10:10:00,2026-08-05 10:50:00,2026-08-05 10:20:00,2026-08-05 11:00:00,2291.5,2288.0,,,bo_stop1,False,-3.5,0.402247,-3.902247
bo_only_weekday07_control,0.0,BO,short,2026-08-06 13:20:00,2026-08-06 15:50:00,2026-08-06 13:30:00,2026-08-06 16:00:00,2277.5,2286.5,,,bo_stop1,False,-9.0,0.401224,-9.401224
bo_only_weekday07_control,0.0,BO,short,2026-08-07 22:20:00,2026-08-07 23:30:00,2026-08-07 22:30:00,2026-08-07 23:40:00,2263.0,2266.5,,,eod_2330,False,-3.5,0.398947,-3.898947
bo_only_weekday07_control,0.0,BO,long,2026-08-10 10:20:00,2026-08-10 12:50:00,2026-08-10 10:30:00,2026-08-10 13:00:00,2295.5,2292.0,,,bo_stop1,False,-3.5,0.402775,-3.902775
bo_only_weekday07_control,0.0,BO,short,2026-08-12 14:30:00,2026-08-12 15:50:00,2026-08-12 14:40:00,2026-08-12 16:00:00,2307.0,2310.5,,,bo_stop1,False,-3.5,0.404755,-3.904755
bo_only_weekday07_control,0.0,BO,short,2026-08-13 11:20:00,2026-08-13 23:30:00,2026-08-13 11:30:00,2026-08-13 23:40:00,2263.5,2221.5,,,eod_2330,False,42.0,0.39601,41.60399
bo_only_weekday07_control,0.0,BO,short,2026-08-14 13:00:00,2026-08-14 23:30:00,2026-08-14 13:10:00,2026-08-14 23:40:00,2177.5,2139.0,,,eod_2330,False,38.5,0.384889,38.115111
bo_only_weekday07_control,0.0,BO,long,2026-08-18 12:20:00,2026-08-18 15:50:00,2026-08-18 12:30:00,2026-08-18 16:00:00,2150.5,2137.0,,,bo_stop1,False,-13.5,0.382975,-13.882975
bo_only_weekday07_control,0.0,BO,short,2026-08-20 13:10:00,2026-08-20 13:50:00,2026-08-20 13:20:00,2026-08-20 14:00:00,2143.0,2146.5,,,bo_stop1,False,-3.5,0.383107,-3.883107
bo_only_weekday07_control,0.0,BO,short,2026-08-24 10:00:00,2026-08-24 23:30:00,2026-08-24 10:10:00,2026-08-24 23:40:00,2073.5,2078.0,,,eod_2330,False,-4.5,0.3739990000000001,-4.873999
bo_only_weekday07_control,0.0,BO,short,2026-08-26 18:50:00,2026-08-26 23:30:00,2026-08-26 19:00:00,2026-08-26 23:40:00,2063.0,2058.0,,,eod_2330,False,5.0,0.371986,4.628014
bo_only_weekday07_control,0.0,BO,long,2026-08-31 10:10:00,2026-08-31 11:50:00,2026-08-31 10:20:00,2026-08-31 12:00:00,2139.5,2133.5,,,bo_stop1,False,-6.0,0.3820180000000001,-6.382018
bo_only_weekday07_control,0.0,BO,long,2026-09-03 13:40:00,2026-09-03 23:30:00,2026-09-03 13:50:00,2026-09-03 23:40:00,2203.5,2250.5,,,eod_2330,False,47.0,0.393964,46.606036
bo_only_weekday07_control,0.0,BO,short,2026-09-07 10:00:00,2026-09-07 13:50:00,2026-09-07 10:10:00,2026-09-07 14:00:00,2239.0,2257.5,,,bo_stop1,False,-18.5,0.396769,-18.896769
bo_only_weekday07_control,0.0,BO,long,2026-09-08 13:50:00,2026-09-08 16:50:00,2026-09-08 14:00:00,2026-09-08 17:00:00,2300.0,2288.0,,,bo_stop1,False,-12.0,0.402808,-12.402808
bo_only_weekday07_control,0.0,BO,long,2026-09-10 15:10:00,2026-09-10 23:30:00,2026-09-10 15:20:00,2026-09-10 23:40:00,2280.5,2312.5,,,eod_2330,False,32.0,0.403138,31.596862
bo_only_weekday07_control,0.0,BO,short,2026-09-11 13:40:00,2026-09-11 17:50:00,2026-09-11 13:50:00,2026-09-11 18:00:00,2277.5,2287.0,,,bo_stop1,False,-9.5,0.401257,-9.901257
bo_only_weekday07_control,0.0,BO,long,2026-09-14 18:00:00,2026-09-14 23:30:00,2026-09-14 18:10:00,2026-09-14 23:40:00,2353.0,2350.0,,,eod_2330,False,-3.0,0.410398,-3.410398
bo_only_weekday07_control,0.0,BO,short,2026-09-16 13:00:00,2026-09-16 23:30:00,2026-09-16 13:10:00,2026-09-16 23:40:00,2312.0,2281.5,,,eod_2330,False,30.5,0.403171,30.096829
bo_only_weekday07_control,0.0,BO,short,2026-09-17 14:10:00,2026-09-17 15:50:00,2026-09-17 14:20:00,2026-09-17 16:00:00,2244.0,2262.0,,,bo_stop1,False,-18.0,0.3973960000000001,-18.397396
bo_only_weekday07_control,0.0,BO,long,2026-09-18 17:00:00,2026-09-18 17:50:00,2026-09-18 17:10:00,2026-09-18 18:00:00,2280.5,2272.5,,,bo_stop1,False,-8.0,0.400498,-8.400498
bo_only_weekday07_control,0.0,BO,short,2026-09-21 12:30:00,2026-09-21 14:50:00,2026-09-21 12:40:00,2026-09-21 15:00:00,2252.0,2262.0,,,bo_stop1,False,-10.0,0.397924,-10.397924
bo_only_weekday07_control,0.0,BO,long,2026-09-22 10:30:00,2026-09-22 23:30:00,2026-09-22 10:40:00,2026-09-22 23:40:00,2295.0,2302.5,,,eod_2330,False,7.5,0.403435,7.096565
bo_only_weekday07_control,0.0,BO,long,2026-09-23 22:40:00,2026-09-23 23:30:00,2026-09-23 22:50:00,2026-09-23 23:40:00,2330.5,2332.5,,,eod_2330,False,2.0,0.407758,1.592242
bo_only_weekday07_control,0.0,BO,short,2026-09-24 12:00:00,2026-09-24 15:50:00,2026-09-24 12:10:00,2026-09-24 16:00:00,2296.5,2310.0,,,bo_stop1,False,-13.5,0.4040290000000001,-13.904029
bo_only_weekday07_control,0.0,BO,short,2026-09-25 10:00:00,2026-09-25 10:50:00,2026-09-25 10:10:00,2026-09-25 11:00:00,2289.5,2294.0,,,bo_stop1,False,-4.5,0.402511,-4.9025110000000005
